燦坤,https://i.imgur.com/iFhokz8.png
全國電子,https://i.imgur.com/6sgoc8T.png
Lenovo,https://i.imgur.com/RPxXr22.png
Samsung,https://i.imgur.com/3DTyg3d.png
Nikon,https://i.imgur.com/Jg4AHRR.png
Canon,https://i.imgur.com/fP5qiS7.png
Sony,https://i.imgur.com/lpHYJQ0.png
ASUS,https://i.imgur.com/ShlGQdm.png
中油加油站,https://i.imgur.com/N5SMk36.png
全國加油站,https://i.imgur.com/GVvrvQS.png
家樂福,https://i.imgur.com/p7B1or2.png
大潤發,https://i.imgur.com/mcaDvSq.png
愛買,https://i.imgur.com/tu1Xd5m.png
博客來,https://i.imgur.com/END0TbR.png
Ikea,https://i.imgur.com/CAFBwJv.png
Casio線上,https://i.imgur.com/8NfQZUc.png
生活工場,https://i.imgur.com/1aVAZRS.png
Tesla,https://i.imgur.com/MGDn794.png
NET,https://i.imgur.com/YuEEK2X.png
H&M,https://i.imgur.com/8TE8l9a.png
Uniqlo,https://i.imgur.com/FQcLoPG.png
Zara,https://i.imgur.com/bZP1wQc.png
Columbia,https://i.imgur.com/kpsAyVF.png
The North Face,https://i.imgur.com/YIjRh5h.png
innisfree,https://i.imgur.com/QgUTIiq.png
小三美日,https://i.imgur.com/ehpYpAo.png
Etude house,https://i.imgur.com/47A7GTz.png
玩具反斗城,https://i.imgur.com/M3csWK5.png
萬國通路,https://i.imgur.com/ikzq014.png
誠品,https://i.imgur.com/35rHzuM.png
蝦皮,https://i.imgur.com/j7pzGLp.png
PChome,https://i.imgur.com/QBuNfCk.png
momo,https://i.imgur.com/7c5e6ew.png
shopback,https://i.imgur.com/rBkQzMy.png
樂天,https://i.imgur.com/HAdCz3Y.png
GOMAJI,https://i.imgur.com/ZdGTeAU.png
friDay購物,https://i.imgur.com/UGnV487.png
露天,https://i.imgur.com/PLQk3dR.png
生活市集,https://i.imgur.com/tlnF2Fz.png
91-APP,https://i.imgur.com/05ZIv75.png
摩曼頓,https://i.imgur.com/LEsTcYH.png
Crocs,https://i.imgur.com/sS0s3lg.png
義美食品,https://i.imgur.com/4ljyPdq.png
UberEATS,https://i.imgur.com/TwL8DFj.png
Foodpanda,https://i.imgur.com/Oe9AnqU.png
天仁茗茶,https://i.imgur.com/n16xxDP.png
屈臣氏,https://i.imgur.com/edkvnIo.png
康是美,https://i.imgur.com/ORCe76x.png
寶雅,https://i.imgur.com/Ux4kgnh.png
Tomod's,https://i.imgur.com/TIvxZGQ.png
捷安特,https://i.imgur.com/bp3ZAJi.png
美利達,https://i.imgur.com/8GOwyqj.png
迪卡儂,https://i.imgur.com/7bUPnsW.png
Supreme,https://i.imgur.com/ZWqQ9FK.png
Adidas,https://i.imgur.com/Tzdb5QU.png
NIKE,https://i.imgur.com/ZZxiMk2.png
Under Armor,https://i.imgur.com/fjHyJAg.png
New Balance,https://i.imgur.com/WZ1F4Da.png
Asics,https://i.imgur.com/cpjvl40.png
小米,https://i.imgur.com/cxgJK1i.png
ABC mart,https://i.imgur.com/NuVBoyO.png
Satana背包,https://i.imgur.com/MgUnk7p.png
Rain Story,https://i.imgur.com/oklRfcv.png
Bose,https://i.imgur.com/ExyRaD4.png
Muji,https://i.imgur.com/vqT8oyn.png
Dyson,https://i.imgur.com/dJDwDrc.png
九乘九,https://i.imgur.com/1fMI54u.png
HtC,https://i.imgur.com/qGvJsuU.png
墊腳石,https://i.imgur.com/vwrw8hQ.png
資生堂,https://i.imgur.com/0Yw4OjF.png
Zalora,https://i.imgur.com/FSyEunQ.png
Giordano,https://i.imgur.com/hChuI1O.png
金興發,https://i.imgur.com/a/gfl02fE.png
光南,https://i.imgur.com/TIBwLzW.png
Fila,https://i.imgur.com/HlhCTX1.png
特力屋,https://i.imgur.com/YcINYwN.png
Lululemon,https://i.imgur.com/3UOHmRq.png
Fun Box Toy,https://i.imgur.com/jE1uUid.png
GNC,https://i.imgur.com/BYQv3w2.png
HARRODS,https://i.imgur.com/Suh9ElW.png
LE CREUSET,https://i.imgur.com/E5ey1tH.png
etoro,https://i.imgur.com/2OE9L6h.png
Amazon,https://i.imgur.com/3rZadop.png
eBay,https://i.imgur.com/QlCjhQC.png
淘寶網,https://i.imgur.com/uOebCQn.png
Levis,https://i.imgur.com/kjQ1iAA.png
Nespresso,https://i.imgur.com/pnwkx2J.png
Panasonic,https://i.imgur.com/uUWI3gl.png
J!NS,https://i.imgur.com/WUOFXpr.png
OWNDAYS,https://i.imgur.com/diuTzuw.png
中興嘟嘟房,https://i.imgur.com/FXfPPeB.png
台灣聯通,https://i.imgur.com/epsen1z.png
ViVi PARK,https://i.imgur.com/kesniEr.png
24TPS四品牌連鎖停車場,
